category,feature,source_id,source_url,external,status,implementation_evidence,required_signal_groups
Search & Sourcing,Candidate database search,FEATURE_INDEX,https://login.jobdiva.com/careers.jsp,False,IMPLEMENTATION_EVIDENCE_FOUND_FUNCTIONAL_PROOF_REQUIRED,core_policies.py::candidates | deep_audit.py::candidates | full_live_acceptance.py::candidates | parity_api.py::candidates | deep_audit.py::/api/candidates | full_live_acceptance.py::/api/candidates | parity_api.py::/api/candidates | r14_acceptance.py::/api/candidates,(candidates) AND (/api/candidates)
Search & Sourcing,Boolean candidate search,ATS,https://www.jobdiva.com/ats-software-for-staffing-agencies,False,IMPLEMENTATION_EVIDENCE_FOUND_FUNCTIONAL_PROOF_REQUIRED,deep_audit.py::boolean | full_live_acceptance.py::boolean | server.py::boolean | web/app.js::boolean | core_policies.py::candidate | deep_audit.py::candidate | full_live_acceptance.py::candidate | parity_api.py::candidate,(boolean) AND (candidate OR talent)
Search & Sourcing,Relevant-years skill search,ENGAGEMENT,https://www.jobdiva.com/candidate-engagement,False,IMPLEMENTATION_EVIDENCE_FOUND_FUNCTIONAL_PROOF_REQUIRED,r14_api.py::candidate_skills | server.py::candidate_skills | deep_audit.py::years | full_live_acceptance.py::years | server.py::years | web/app.js::years,(candidate_skills) AND (years OR last_used)
Search & Sourcing,Resume parsing / structured resume data,OPERATIONS,https://www.jobdiva.com/operational-efficiency,False,IMPLEMENTATION_EVIDENCE_FOUND_FUNCTIONAL_PROOF_REQUIRED,deep_audit.py::resume_text | full_live_acceptance.py::resume_text | r14_api.py::resume_text | server.py::resume_text | r14_api.py::candidate_experience | server.py::candidate_experience | r14_api.py::candidate_skills | server.py::candidate_skills,(resume_text) AND (candidate_experience OR candidate_skills)
Search & Sourcing,Resume harvesting,FEATURE_INDEX,https://login.jobdiva.com/careers.jsp,True,EXTERNAL_ADAPTER_EVIDENCE_FOUND_CREDENTIALS_REQUIRED,server.py::harvest | web/r16.js::harvest | server.py::resume harvest | deep_audit.py::job board | r14_api.py::job board | R16-PARITY-MANIFEST.json::job board | r18_api.py::job board,(harvest OR resume harvest) AND (job board OR job-board)
Search & Sourcing,External job-board sourcing,FAQ,https://www.jobdiva.com/faq,True,EXTERNAL_ADAPTER_EVIDENCE_FOUND_CREDENTIALS_REQUIRED,deep_audit.py::job board | r14_api.py::job board | R16-PARITY-MANIFEST.json::job board | r18_api.py::job board | deep_audit.py::connector | full_live_acceptance.py::connector | r18_api.py::connector | r19_api.py::connector,(job board OR job-board) AND (connector OR gateway OR distribution)
Search & Sourcing,Candidate-to-job matching,ATS,https://www.jobdiva.com/ats-software-for-staffing-agencies,False,IMPLEMENTATION_EVIDENCE_FOUND_FUNCTIONAL_PROOF_REQUIRED,server.py::match_jobs_for_candidate | full_live_acceptance.py::/matches | server.py::/matches | web/app.js::/matches,(match_jobs_for_candidate OR /matches)
Search & Sourcing,Duplicate candidate intelligence,ATS,https://www.jobdiva.com/ats-software-for-staffing-agencies,False,IMPLEMENTATION_EVIDENCE_FOUND_FUNCTIONAL_PROOF_REQUIRED,r14_api.py::duplicate_score | r19_api.py::duplicate_score | web/r14.js::duplicate_score | r14_acceptance.py::/duplicates,(duplicate_score OR /duplicates)
Search & Sourcing,Candidate hotlists,FEATURE_INDEX,https://login.jobdiva.com/careers.jsp,False,IMPLEMENTATION_EVIDENCE_FOUND_FUNCTIONAL_PROOF_REQUIRED,deep_audit.py::hotlists | full_live_acceptance.py::hotlists | r14_acceptance.py::hotlists | r14_api.py::hotlists | r14_api.py::hotlist_members | server.py::hotlist_members,(hotlists) AND (hotlist_members)
Search & Sourcing,Candidate note search,FEATURE_INDEX,https://login.jobdiva.com/careers.jsp,False,IMPLEMENTATION_EVIDENCE_FOUND_FUNCTIONAL_PROOF_REQUIRED,r14_api.py::candidate_notes | server.py::candidate_notes,(candidate_notes)
Search & Sourcing,Candidate attribute search,FEATURE_INDEX,https://login.jobdiva.com/careers.jsp,False,IMPLEMENTATION_EVIDENCE_FOUND_FUNCTIONAL_PROOF_REQUIRED,r14_api.py::candidate_attributes | server.py::candidate_attributes,(candidate_attributes)
Search & Sourcing,Candidate import,FEATURE_INDEX,https://login.jobdiva.com/careers.jsp,False,IMPLEMENTATION_EVIDENCE_FOUND_FUNCTIONAL_PROOF_REQUIRED,web/r13.js::candidate import | web/app.js::import candidates | web/r13.js::import candidates | web/r16.js::import candidates,(candidate import OR candidate_import OR import candidates)
Candidate Management,Candidate profile management,ATS,https://www.jobdiva.com/ats-software-for-staffing-agencies,False,IMPLEMENTATION_EVIDENCE_FOUND_FUNCTIONAL_PROOF_REQUIRED,server.py::candidate_bundle | deep_audit.py::/api/candidates | full_live_acceptance.py::/api/candidates | parity_api.py::/api/candidates,(candidate_bundle OR /api/candidates)
Candidate Management,Candidate employment history,ATS,https://www.jobdiva.com/ats-software-for-staffing-agencies,False,IMPLEMENTATION_EVIDENCE_FOUND_FUNCTIONAL_PROOF_REQUIRED,r14_api.py::candidate_experience | server.py::candidate_experience,(candidate_experience)
Candidate Management,Candidate skills,ATS,https://www.jobdiva.com/ats-software-for-staffing-agencies,False,IMPLEMENTATION_EVIDENCE_FOUND_FUNCTIONAL_PROOF_REQUIRED,r14_api.py::candidate_skills | server.py::candidate_skills,(candidate_skills)
Candidate Management,Licenses,ATS,https://www.jobdiva.com/ats-software-for-staffing-agencies,False,IMPLEMENTATION_EVIDENCE_FOUND_FUNCTIONAL_PROOF_REQUIRED,r14_api.py::candidate_licenses | server.py::candidate_licenses,(candidate_licenses)
Candidate Management,Certifications,ATS,https://www.jobdiva.com/ats-software-for-staffing-agencies,False,IMPLEMENTATION_EVIDENCE_FOUND_FUNCTIONAL_PROOF_REQUIRED,r14_api.py::candidate_certifications | server.py::candidate_certifications,(candidate_certifications)
Candidate Management,Qualifications,ATS,https://www.jobdiva.com/ats-software-for-staffing-agencies,False,IMPLEMENTATION_EVIDENCE_FOUND_FUNCTIONAL_PROOF_REQUIRED,r14_api.py::candidate_qualifications | server.py::candidate_qualifications,(candidate_qualifications)
Candidate Management,Candidate notes,ATS,https://www.jobdiva.com/ats-software-for-staffing-agencies,False,IMPLEMENTATION_EVIDENCE_FOUND_FUNCTIONAL_PROOF_REQUIRED,r14_api.py::candidate_notes | server.py::candidate_notes,(candidate_notes)
Candidate Management,Candidate attributes,FEATURE_INDEX,https://login.jobdiva.com/careers.jsp,False,IMPLEMENTATION_EVIDENCE_FOUND_FUNCTIONAL_PROOF_REQUIRED,r14_api.py::candidate_attributes | server.py::candidate_attributes,(candidate_attributes)
Candidate Management,Candidate documents,ATS,https://www.jobdiva.com/ats-software-for-staffing-agencies,False,IMPLEMENTATION_EVIDENCE_FOUND_FUNCTIONAL_PROOF_REQUIRED,core_policies.py::candidate_documents | r14_api.py::candidate_documents | server.py::candidate_documents,(candidate_documents)
Candidate Management,Document versioning,ATS,https://www.jobdiva.com/ats-software-for-staffing-agencies,False,IMPLEMENTATION_EVIDENCE_FOUND_FUNCTIONAL_PROOF_REQUIRED,r14_api.py::candidate_document_versions | server.py::candidate_document_versions,(candidate_document_versions)
Candidate Management,Custom / user-defined fields,FEATURE_INDEX,https://login.jobdiva.com/careers.jsp,False,IMPLEMENTATION_EVIDENCE_FOUND_FUNCTIONAL_PROOF_REQUIRED,server.py::custom_fields | server.py::entity_custom_values,(custom_fields) AND (entity_custom_values)
Candidate Management,Do-not-contact management,ATS,https://www.jobdiva.com/ats-software-for-staffing-agencies,False,IMPLEMENTATION_EVIDENCE_FOUND_FUNCTIONAL_PROOF_REQUIRED,r14_api.py::do_not_contact | r18_api.py::do_not_contact | r19_api.py::do_not_contact | server.py::do_not_contact,(do_not_contact)
Candidate Management,Email/SMS consent,ATS,https://www.jobdiva.com/ats-software-for-staffing-agencies,False,IMPLEMENTATION_EVIDENCE_FOUND_FUNCTIONAL_PROOF_REQUIRED,r14_api.py::consent_email | r18_api.py::consent_email | r19_api.py::consent_email | server.py::consent_email | r14_api.py::consent_sms | r18_api.py::consent_sms | r19_api.py::consent_sms | server.py::consent_sms,(consent_email) AND (consent_sms)
Candidate Management,Candidate archival lifecycle,ATS,https://www.jobdiva.com/ats-software-for-staffing-agencies,False,IMPLEMENTATION_EVIDENCE_FOUND_FUNCTIONAL_PROOF_REQUIRED,core_policies.py::archived_at | r14_api.py::archived_at | r15_migrations.py::archived_at | r19_api.py::archived_at | core_policies.py::candidates | deep_audit.py::candidates | full_live_acceptance.py::candidates | parity_api.py::candidates,(archived_at) AND (candidates)
Candidate Management,Candidate credibility / quality score,ATS,https://www.jobdiva.com/ats-software-for-staffing-agencies,False,IMPLEMENTATION_EVIDENCE_FOUND_FUNCTIONAL_PROOF_REQUIRED,server.py::credibility_score | web/app.js::credibility_score | web/r16.js::credibility_score,(credibility_score)
Jobs & Recruiting,Job requisition management,FEATURE_INDEX,https://login.jobdiva.com/careers.jsp,False,IMPLEMENTATION_EVIDENCE_FOUND_FUNCTIONAL_PROOF_REQUIRED,deep_audit.py::/api/jobs | full_live_acceptance.py::/api/jobs | r14_api.py::/api/jobs | server.py::/api/jobs,(/api/jobs OR jobs)
Jobs & Recruiting,Job search,FEATURE_INDEX,https://login.jobdiva.com/careers.jsp,False,IMPLEMENTATION_EVIDENCE_FOUND_FUNCTIONAL_PROOF_REQUIRED,full_live_acceptance.py::jobsearch | web/app.js::jobsearch | web/r13.js::jobsearch | web/r13r7.js::jobsearch,(jobsearch OR search jobs OR /api/jobs)
Jobs & Recruiting,Job ownership / primary recruiter,ATS,https://www.jobdiva.com/ats-software-for-staffing-agencies,False,IMPLEMENTATION_EVIDENCE_FOUND_FUNCTIONAL_PROOF_REQUIRED,server.py::primary_recruiter_id | web/r13.js::primary_recruiter_id,(primary_recruiter_id)
Jobs & Recruiting,Multi-user job assignment,ATS,https://www.jobdiva.com/ats-software-for-staffing-agencies,False,IMPLEMENTATION_EVIDENCE_FOUND_FUNCTIONAL_PROOF_REQUIRED,server.py::job_users,(job_users)
Jobs & Recruiting,Interested-candidate workflow,ATS,https://www.jobdiva.com/ats-software-for-staffing-agencies,False,IMPLEMENTATION_EVIDENCE_FOUND_FUNCTIONAL_PROOF_REQUIRED,r14_api.py::interested_candidates | server.py::interested_candidates,(interested_candidates)
Jobs & Recruiting,Submission workflow,FAQ,https://www.jobdiva.com/faq,False,IMPLEMENTATION_EVIDENCE_FOUND_FUNCTIONAL_PROOF_REQUIRED,core_policies.py::submissions | deep_audit.py::submissions | full_live_acceptance.py::submissions | parity_api.py::submissions | full_live_acceptance.py::client_review | server.py::client_review | web/app.js::client_review | deep_audit.py::submitted,(submissions) AND (client_review OR submitted)
Jobs & Recruiting,Interview workflow,FAQ,https://www.jobdiva.com/faq,False,IMPLEMENTATION_EVIDENCE_FOUND_FUNCTIONAL_PROOF_REQUIRED,core_policies.py::interviews | deep_audit.py::interviews | full_live_acceptance.py::interviews | r14_api.py::interviews | deep_audit.py::scheduled | full_live_acceptance.py::scheduled | r14_api.py::scheduled | r18_api.py::scheduled,(interviews) AND (scheduled OR no_show)
Jobs & Recruiting,Candidate assessments,INTEGRATIONS,https://www.jobdiva.com/recruiting-software-third-party-integrations,False,IMPLEMENTATION_EVIDENCE_FOUND_FUNCTIONAL_PROOF_REQUIRED,deep_audit.py::assessments | full_live_acceptance.py::assessments | server.py::assessments | web/app.js::assessments,(assessments)
Jobs & Recruiting,Offer workflow,FAQ,https://www.jobdiva.com/faq,False,IMPLEMENTATION_EVIDENCE_FOUND_FUNCTIONAL_PROOF_REQUIRED,full_live_acceptance.py::'offer' | server.py::'offer' | web/app.js::'offer' | web/r13r7.js::'offer' | core_policies.py::submission | deep_audit.py::submission | full_live_acceptance.py::submission | parity_api.py::submission,"('offer' OR ""offer"") AND (submission)"
Jobs & Recruiting,Hire workflow,FAQ,https://www.jobdiva.com/faq,False,IMPLEMENTATION_EVIDENCE_FOUND_FUNCTIONAL_PROOF_REQUIRED,deep_audit.py::'hired' | full_live_acceptance.py::'hired' | server.py::'hired' | web/app.js::'hired' | core_policies.py::submission | deep_audit.py::submission | full_live_acceptance.py::submission | parity_api.py::submission,"('hired' OR ""hired"") AND (submission)"
Jobs & Recruiting,Start management,ATS,https://www.jobdiva.com/ats-software-for-staffing-agencies,False,IMPLEMENTATION_EVIDENCE_FOUND_FUNCTIONAL_PROOF_REQUIRED,core_policies.py::starts | full_live_acceptance.py::starts | persistence_authority.py::starts | r14_acceptance.py::starts | deep_audit.py::start_date | full_live_acceptance.py::start_date | parity_api.py::start_date | r14_api.py::start_date,(starts) AND (start_date)
Jobs & Recruiting,Start cancellation,ATS,https://www.jobdiva.com/ats-software-for-staffing-agencies,False,IMPLEMENTATION_EVIDENCE_FOUND_FUNCTIONAL_PROOF_REQUIRED,server.py::cancellation_reason | web/r14.js::cancellation_reason,(cancellation_reason)
Jobs & Recruiting,Workflow history,ATS,https://www.jobdiva.com/ats-software-for-staffing-agencies,False,IMPLEMENTATION_EVIDENCE_FOUND_FUNCTIONAL_PROOF_REQUIRED,r18_api.py::workflow_history | server.py::workflow_history,(workflow_history)
Jobs & Recruiting,Job distribution,INTEGRATIONS,https://www.jobdiva.com/recruiting-software-third-party-integrations,True,EXTERNAL_ADAPTER_EVIDENCE_FOUND_CREDENTIALS_REQUIRED,deep_audit.py::job_distribution | full_live_acceptance.py::job_distribution | r19_api.py::job_distribution | server.py::job_distribution,(job_distribution OR job distribution)
Jobs & Recruiting,Job alerts,ENGAGEMENT,https://www.jobdiva.com/candidate-engagement,False,IMPLEMENTATION_EVIDENCE_FOUND_FUNCTIONAL_PROOF_REQUIRED,r14_api.py::job_alerts | r19_api.py::job_alerts | r14_acceptance.py::job-alerts | r14_api.py::job-alerts,(job_alerts OR job-alerts)
CRM,Company management,FAQ,https://www.jobdiva.com/faq,False,IMPLEMENTATION_EVIDENCE_FOUND_FUNCTIONAL_PROOF_REQUIRED,core_policies.py::companies | deep_audit.py::companies | full_live_acceptance.py::companies | parity_api.py::companies | deep_audit.py::/api/companies | full_live_acceptance.py::/api/companies | parity_api.py::/api/companies | r14_api.py::/api/companies,(companies) AND (/api/companies)
CRM,Large-company / parent-child account structure,FEATURE_INDEX,https://login.jobdiva.com/careers.jsp,False,IMPLEMENTATION_EVIDENCE_FOUND_FUNCTIONAL_PROOF_REQUIRED,server.py::parent_company_id,(parent_company_id)
CRM,Contact management,FAQ,https://www.jobdiva.com/faq,False,IMPLEMENTATION_EVIDENCE_FOUND_FUNCTIONAL_PROOF_REQUIRED,core_policies.py::contacts | deep_audit.py::contacts | full_live_acceptance.py::contacts | parity_api.py::contacts | deep_audit.py::/api/contacts | full_live_acceptance.py::/api/contacts | parity_api.py::/api/contacts | r14_api.py::/api/contacts,(contacts) AND (/api/contacts)
CRM,Lead management,HOME,https://www.jobdiva.com/,False,IMPLEMENTATION_EVIDENCE_FOUND_FUNCTIONAL_PROOF_REQUIRED,deep_audit.py::leads | full_live_acceptance.py::leads | server.py::leads | web/app.js::leads,(leads)
CRM,Opportunity pipeline,HOME,https://www.jobdiva.com/,False,IMPLEMENTATION_EVIDENCE_FOUND_FUNCTIONAL_PROOF_REQUIRED,deep_audit.py::opportunities | full_live_acceptance.py::opportunities | server.py::opportunities | web/app.js::opportunities,(opportunities)
CRM,CRM tasks,HOME,https://www.jobdiva.com/,False,IMPLEMENTATION_EVIDENCE_FOUND_FUNCTIONAL_PROOF_REQUIRED,deep_audit.py::tasks | full_live_acceptance.py::tasks | r14_api.py::tasks | r19_api.py::tasks | r14_api.py::owner_user_id | r19_api.py::owner_user_id | server.py::owner_user_id | web/r13.js::owner_user_id,(tasks) AND (owner_user_id)
CRM,Company pipeline dashboard,ATS,https://www.jobdiva.com/ats-software-for-staffing-agencies,False,IMPLEMENTATION_EVIDENCE_FOUND_FUNCTIONAL_PROOF_REQUIRED,server.py::company_pipeline | web/app.js::company_pipeline,(company_pipeline)
Workforce,Flexible / per-diem staffing,FEATURE_INDEX,https://login.jobdiva.com/careers.jsp,False,IMPLEMENTATION_EVIDENCE_FOUND_FUNCTIONAL_PROOF_REQUIRED,deep_audit.py::shift | full_live_acceptance.py::shift | r18_api.py::shift | server.py::shift | core_policies.py::assignment | deep_audit.py::assignment | full_live_acceptance.py::assignment | r14_api.py::assignment,(shift OR shifts) AND (assignment OR attendance)
Workforce,Shift management,FEATURE_INDEX,https://login.jobdiva.com/careers.jsp,False,IMPLEMENTATION_EVIDENCE_FOUND_FUNCTIONAL_PROOF_REQUIRED,deep_audit.py::shifts | full_live_acceptance.py::shifts | r18_api.py::shifts | server.py::shifts,(shifts)
Workforce,Attendance management,FEATURE_INDEX,https://login.jobdiva.com/careers.jsp,False,IMPLEMENTATION_EVIDENCE_FOUND_FUNCTIONAL_PROOF_REQUIRED,deep_audit.py::attendance | full_live_acceptance.py::attendance | r18_api.py::attendance | server.py::attendance,(attendance)
Workforce,Assignment management,ATS,https://www.jobdiva.com/ats-software-for-staffing-agencies,False,IMPLEMENTATION_EVIDENCE_FOUND_FUNCTIONAL_PROOF_REQUIRED,core_policies.py::assignments | deep_audit.py::assignments | full_live_acceptance.py::assignments | r14_api.py::assignments,(assignments)
Workforce,Timesheet entry,FAQ,https://www.jobdiva.com/faq,False,IMPLEMENTATION_EVIDENCE_FOUND_FUNCTIONAL_PROOF_REQUIRED,core_policies.py::timesheets | deep_audit.py::timesheets | full_live_acceptance.py::timesheets | parity_api.py::timesheets,(timesheets)
Workforce,Timesheet approval,FAQ,https://www.jobdiva.com/faq,False,IMPLEMENTATION_EVIDENCE_FOUND_FUNCTIONAL_PROOF_REQUIRED,core_policies.py::timesheets | deep_audit.py::timesheets | full_live_acceptance.py::timesheets | parity_api.py::timesheets | r14_api.py::approved_by | r18_api.py::approved_by | server.py::approved_by | r18_api.py::approved_at,(timesheets) AND (approved_by OR approved_at)
Workforce,Expense management,ATS,https://www.jobdiva.com/ats-software-for-staffing-agencies,False,IMPLEMENTATION_EVIDENCE_FOUND_FUNCTIONAL_PROOF_REQUIRED,core_policies.py::expenses | deep_audit.py::expenses | full_live_acceptance.py::expenses | parity_api.py::expenses,(expenses)
Workforce,Expense approval,ATS,https://www.jobdiva.com/ats-software-for-staffing-agencies,False,IMPLEMENTATION_EVIDENCE_FOUND_FUNCTIONAL_PROOF_REQUIRED,core_policies.py::expenses | deep_audit.py::expenses | full_live_acceptance.py::expenses | parity_api.py::expenses | r14_api.py::approved_by | r18_api.py::approved_by | server.py::approved_by | r18_api.py::approved_at,(expenses) AND (approved_by OR approved_at)
Workforce,Worker portal,HOME,https://www.jobdiva.com/,False,IMPLEMENTATION_EVIDENCE_FOUND_FUNCTIONAL_PROOF_REQUIRED,web/app.js::workerportal | web/r13.js::workerportal | web/r14.js::workerportal | server.py::worker_portal,(workerportal OR worker_portal)
Workforce,Approver portal,ATS,https://www.jobdiva.com/ats-software-for-staffing-agencies,False,IMPLEMENTATION_EVIDENCE_FOUND_FUNCTIONAL_PROOF_REQUIRED,web/app.js::approverportal | web/r13.js::approverportal | server.py::approver_portal,(approverportal OR approver_portal)
Onboarding & Compliance,Paperless onboarding,OPERATIONS,https://www.jobdiva.com/operational-efficiency,False,IMPLEMENTATION_EVIDENCE_FOUND_FUNCTIONAL_PROOF_REQUIRED,core_policies.py::onboarding_packages | r14_api.py::onboarding_packages | server.py::onboarding_packages | server.py::onboarding_requirements,(onboarding_packages) AND (onboarding_requirements)
Onboarding & Compliance,Credential expiration tracking,ATS,https://www.jobdiva.com/ats-software-for-staffing-agencies,False,IMPLEMENTATION_EVIDENCE_FOUND_FUNCTIONAL_PROOF_REQUIRED,parity_api.py::expiry_date | r14_api.py::expiry_date | server.py::expiry_date | web/app.js::expiry_date | deep_audit.py::license | full_live_acceptance.py::license | r14_api.py::license | server.py::license,(expiry_date) AND (license OR certification OR document)
Onboarding & Compliance,EEO capability,FEATURE_INDEX,https://login.jobdiva.com/careers.jsp,False,IMPLEMENTATION_EVIDENCE_FOUND_FUNCTIONAL_PROOF_REQUIRED,r14_acceptance.py::eeo | r14_api.py::eeo | web/r14.js::eeo,(eeo OR equal employment)
Onboarding & Compliance,Background-check integration,INTEGRATIONS,https://www.jobdiva.com/recruiting-software-third-party-integrations,True,EXTERNAL_ADAPTER_EVIDENCE_FOUND_CREDENTIALS_REQUIRED,deep_audit.py::background | full_live_acceptance.py::background | r14_acceptance.py::background | r14_api.py::background | deep_audit.py::connector | full_live_acceptance.py::connector | r18_api.py::connector | r19_api.py::connector,(background) AND (connector OR gateway)
Onboarding & Compliance,E-Verify integration,INTEGRATIONS,https://www.jobdiva.com/recruiting-software-third-party-integrations,True,EXTERNAL_ADAPTER_EVIDENCE_FOUND_CREDENTIALS_REQUIRED,deep_audit.py::e-verify | r14_api.py::e-verify | R16-PARITY-MANIFEST.json::e-verify | web/r13r7.js::e-verify,(e-verify OR everify)
Onboarding & Compliance,Electronic signature integration,INTEGRATIONS,https://www.jobdiva.com/recruiting-software-third-party-integrations,True,EXTERNAL_ADAPTER_EVIDENCE_FOUND_CREDENTIALS_REQUIRED,deep_audit.py::e-sign | r14_api.py::e-sign | R16-PARITY-MANIFEST.json::e-sign | server.py::e-sign | deep_audit.py::connector | full_live_acceptance.py::connector | r18_api.py::connector | r19_api.py::connector,(e-sign OR esign OR signature) AND (connector OR gateway)
Onboarding & Compliance,Reference-check integration,INTEGRATIONS,https://www.jobdiva.com/recruiting-software-third-party-integrations,True,EXTERNAL_ADAPTER_MISSING_OR_UNPROVEN,,(reference check OR reference_check)
Onboarding & Compliance,WOTC integration,INTEGRATIONS,https://www.jobdiva.com/recruiting-software-third-party-integrations,True,EXTERNAL_ADAPTER_MISSING_OR_UNPROVEN,,(wotc)
Onboarding & Compliance,I-9 workflow,INTEGRATIONS,https://www.jobdiva.com/recruiting-software-third-party-integrations,False,IMPLEMENTATION_EVIDENCE_FOUND_FUNCTIONAL_PROOF_REQUIRED,server.py::i-9,(i-9 OR i9)
VMS / MSP,VMS account management,FEATURE_INDEX,https://login.jobdiva.com/careers.jsp,True,EXTERNAL_ADAPTER_EVIDENCE_FOUND_CREDENTIALS_REQUIRED,r18_api.py::vms_accounts | server.py::vms_accounts,(vms_accounts)
VMS / MSP,VMS mapping,FEATURE_INDEX,https://login.jobdiva.com/careers.jsp,True,EXTERNAL_ADAPTER_EVIDENCE_FOUND_CREDENTIALS_REQUIRED,r18_api.py::vms_mappings | server.py::vms_mappings,(vms_mappings)
VMS / MSP,VMS job synchronization,FAQ,https://www.jobdiva.com/faq,True,EXTERNAL_ADAPTER_EVIDENCE_FOUND_CREDENTIALS_REQUIRED,deep_audit.py::vms | full_live_acceptance.py::vms | r14_api.py::vms | R16-PARITY-MANIFEST.json::vms | core_policies.py::job | deep_audit.py::job | full_live_acceptance.py::job | parity_api.py::job,(vms) AND (job OR sync)
VMS / MSP,VMS submission synchronization,ATS,https://www.jobdiva.com/ats-software-for-staffing-agencies,True,EXTERNAL_ADAPTER_EVIDENCE_FOUND_CREDENTIALS_REQUIRED,deep_audit.py::vms | full_live_acceptance.py::vms | r14_api.py::vms | R16-PARITY-MANIFEST.json::vms | core_policies.py::submission | deep_audit.py::submission | full_live_acceptance.py::submission | parity_api.py::submission | deep_audit.py::sync | full_live_acceptance.py::sync | persistence_authority.py::sync | r18_api.py::sync,(vms) AND (submission) AND (sync OR mapping)
VMS / MSP,VMS timesheet synchronization,ATS,https://www.jobdiva.com/ats-software-for-staffing-agencies,True,EXTERNAL_ADAPTER_EVIDENCE_FOUND_CREDENTIALS_REQUIRED,deep_audit.py::vms | full_live_acceptance.py::vms | r14_api.py::vms | R16-PARITY-MANIFEST.json::vms | core_policies.py::timesheet | deep_audit.py::timesheet | full_live_acceptance.py::timesheet | parity_api.py::timesheet | deep_audit.py::sync | full_live_acceptance.py::sync | persistence_authority.py::sync | r18_api.py::sync,(vms) AND (timesheet) AND (sync OR gateway)
VMS / MSP,VMS expense synchronization,ATS,https://www.jobdiva.com/ats-software-for-staffing-agencies,True,EXTERNAL_ADAPTER_EVIDENCE_FOUND_CREDENTIALS_REQUIRED,deep_audit.py::vms | full_live_acceptance.py::vms | r14_api.py::vms | R16-PARITY-MANIFEST.json::vms | core_policies.py::expense | deep_audit.py::expense | full_live_acceptance.py::expense | parity_api.py::expense | deep_audit.py::sync | full_live_acceptance.py::sync | persistence_authority.py::sync | r18_api.py::sync,(vms) AND (expense) AND (sync OR gateway)
VMS / MSP,VMS SOW support,ATS,https://www.jobdiva.com/ats-software-for-staffing-agencies,True,EXTERNAL_ADAPTER_EVIDENCE_FOUND_CREDENTIALS_REQUIRED,r14_acceptance.py::sow | r14_api.py::sow | web/app.js::sow | web/r14.js::sow,(sow OR statement of work)
VMS / MSP,Supplier management,FEATURE_INDEX,https://login.jobdiva.com/careers.jsp,False,IMPLEMENTATION_EVIDENCE_FOUND_FUNCTIONAL_PROOF_REQUIRED,core_policies.py::suppliers | deep_audit.py::suppliers | full_live_acceptance.py::suppliers | r14_api.py::suppliers,(suppliers)
VMS / MSP,Supplier releases,ATS,https://www.jobdiva.com/ats-software-for-staffing-agencies,False,IMPLEMENTATION_EVIDENCE_FOUND_FUNCTIONAL_PROOF_REQUIRED,server.py::supplier_releases | web/app.js::supplier_releases,(supplier_releases)
VMS / MSP,Supplier portal,FEATURE_INDEX,https://login.jobdiva.com/careers.jsp,False,IMPLEMENTATION_EVIDENCE_FOUND_FUNCTIONAL_PROOF_REQUIRED,web/app.js::supplierportal | web/r13.js::supplierportal | web/r14.js::supplierportal | server.py::supplier_portal,(supplierportal OR supplier_portal)
VMS / MSP,Job approval flow,ATS,https://www.jobdiva.com/ats-software-for-staffing-agencies,False,IMPLEMENTATION_EVIDENCE_FOUND_FUNCTIONAL_PROOF_REQUIRED,core_policies.py::approver | deep_audit.py::approver | parity_api.py::approver | r14_api.py::approver | core_policies.py::job | deep_audit.py::job | full_live_acceptance.py::job | parity_api.py::job,(approver OR approval) AND (job OR workflow)
VMS / MSP,Job catalog,ATS,https://www.jobdiva.com/ats-software-for-staffing-agencies,False,IMPLEMENTATION_EVIDENCE_FOUND_FUNCTIONAL_PROOF_REQUIRED,r14_acceptance.py::job_catalog | r14_api.py::job_catalog | web/r14.js::job catalog,(job_catalog OR job catalog)
Financials,Invoice management,FAQ,https://www.jobdiva.com/faq,False,IMPLEMENTATION_EVIDENCE_FOUND_FUNCTIONAL_PROOF_REQUIRED,core_policies.py::invoices | deep_audit.py::invoices | full_live_acceptance.py::invoices | parity_api.py::invoices | deep_audit.py::/api/invoices | full_live_acceptance.py::/api/invoices | parity_api.py::/api/invoices | r18_api.py::/api/invoices,(invoices) AND (/api/invoices)
Financials,Invoice line items,ATS,https://www.jobdiva.com/ats-software-for-staffing-agencies,False,IMPLEMENTATION_EVIDENCE_FOUND_FUNCTIONAL_PROOF_REQUIRED,parity_api.py::invoice_lines | r18_api.py::invoice_lines,(invoice_lines)
Financials,Invoice issuing,ATS,https://www.jobdiva.com/ats-software-for-staffing-agencies,False,IMPLEMENTATION_EVIDENCE_FOUND_FUNCTIONAL_PROOF_REQUIRED,r18_api.py::issued_at | server.py::issued_at | core_policies.py::invoice | deep_audit.py::invoice | full_live_acceptance.py::invoice | parity_api.py::invoice,(issued_at) AND (invoice)
Financials,Part-payment tracking,ATS,https://www.jobdiva.com/ats-software-for-staffing-agencies,False,IMPLEMENTATION_EVIDENCE_FOUND_FUNCTIONAL_PROOF_REQUIRED,r18_api.py::part_paid | server.py::part_paid | web/r18.js::part_paid | r14_api.py::paid_amount | r15_migrations.py::paid_amount | r18_api.py::paid_amount | server.py::paid_amount,(part_paid) AND (paid_amount)
Financials,Invoice payment tracking,ATS,https://www.jobdiva.com/ats-software-for-staffing-agencies,False,IMPLEMENTATION_EVIDENCE_FOUND_FUNCTIONAL_PROOF_REQUIRED,r18_api.py::paid_at | server.py::paid_at | core_policies.py::invoice | deep_audit.py::invoice | full_live_acceptance.py::invoice | parity_api.py::invoice,(paid_at) AND (invoice)
Financials,Purchase orders,ATS,https://www.jobdiva.com/ats-software-for-staffing-agencies,False,IMPLEMENTATION_EVIDENCE_FOUND_FUNCTIONAL_PROOF_REQUIRED,r18_api.py::purchase_orders | server.py::purchase_orders | deep_audit.py::po_number | full_live_acceptance.py::po_number | server.py::po_number | web/app.js::po_number,(purchase_orders) AND (po_number)
Financials,Finance aging,ATS,https://www.jobdiva.com/ats-software-for-staffing-agencies,False,IMPLEMENTATION_EVIDENCE_FOUND_FUNCTIONAL_PROOF_REQUIRED,full_live_acceptance.py::finance_aging | server.py::finance_aging | web/app.js::finance_aging,(finance_aging)
Financials,Payroll integration,INTEGRATIONS,https://www.jobdiva.com/recruiting-software-third-party-integrations,True,EXTERNAL_ADAPTER_EVIDENCE_FOUND_CREDENTIALS_REQUIRED,deep_audit.py::payroll | r14_acceptance.py::payroll | r14_api.py::payroll | R16-PARITY-MANIFEST.json::payroll | deep_audit.py::connector | full_live_acceptance.py::connector | r18_api.py::connector | r19_api.py::connector,(payroll) AND (connector OR gateway)
Financials,General-ledger integration,INTEGRATIONS,https://www.jobdiva.com/recruiting-software-third-party-integrations,True,EXTERNAL_ADAPTER_EVIDENCE_FOUND_CREDENTIALS_REQUIRED,r14_api.py::general ledger | r19_api.py::gl_,(general ledger OR gl connector OR gl_)
Financials,SOW project financials,ATS,https://www.jobdiva.com/ats-software-for-staffing-agencies,False,IMPLEMENTATION_EVIDENCE_FOUND_FUNCTIONAL_PROOF_REQUIRED,r14_acceptance.py::sow | r14_api.py::sow | web/app.js::sow | web/r14.js::sow | server.py::financial | web/app.js::financial | web/manifest.webmanifest::financial | web/r13r7.js::financial,(sow OR statement of work) AND (financial OR amount OR billing)
Financials,Margin / CalcuDiva-style calculations,FEATURE_INDEX,https://login.jobdiva.com/careers.jsp,False,IMPLEMENTATION_EVIDENCE_FOUND_FUNCTIONAL_PROOF_REQUIRED,deep_audit.py::bill_rate | full_live_acceptance.py::bill_rate | r14_api.py::bill_rate | server.py::bill_rate | deep_audit.py::pay_rate | full_live_acceptance.py::pay_rate | r14_api.py::pay_rate | server.py::pay_rate | web/app.js::margin | web/r12b.js::margin | web/r13.css::margin | web/r13r7.css::margin,(bill_rate) AND (pay_rate) AND (margin OR calculator OR calcudiva)
Reports & Analytics,Operational reporting,FEATURE_INDEX,https://login.jobdiva.com/careers.jsp,False,IMPLEMENTATION_EVIDENCE_FOUND_FUNCTIONAL_PROOF_REQUIRED,server.py::report_summary | server.py::run_report,(report_summary OR run_report)
Reports & Analytics,Custom report definitions,ATS,https://www.jobdiva.com/ats-software-for-staffing-agencies,False,IMPLEMENTATION_EVIDENCE_FOUND_FUNCTIONAL_PROOF_REQUIRED,server.py::report_definitions,(report_definitions)
Reports & Analytics,Report builder,ATS,https://www.jobdiva.com/ats-software-for-staffing-agencies,False,IMPLEMENTATION_EVIDENCE_FOUND_FUNCTIONAL_PROOF_REQUIRED,r14_api.py::report_builders | r19_api.py::report_builders | web/r14.js::report builder,(report_builders OR report builder)
Reports & Analytics,Scheduled reports,ATS,https://www.jobdiva.com/ats-software-for-staffing-agencies,False,IMPLEMENTATION_EVIDENCE_FOUND_FUNCTIONAL_PROOF_REQUIRED,r14_api.py::report_schedules | r19_api.py::report_schedules | r14_api.py::report-schedules | r19_api.py::report-schedules,(report_schedules OR report-schedules)
Reports & Analytics,Report execution history,ATS,https://www.jobdiva.com/ats-software-for-staffing-agencies,False,IMPLEMENTATION_EVIDENCE_FOUND_FUNCTIONAL_PROOF_REQUIRED,r19_api.py::report_runs | r19_api.py::report-runs,(report_runs OR report-runs)
Reports & Analytics,CSV report generation,OPERATIONS,https://www.jobdiva.com/operational-efficiency,False,IMPLEMENTATION_EVIDENCE_FOUND_FUNCTIONAL_PROOF_REQUIRED,server.py::text/csv | web/r13.js::text/csv,(csv.writer OR text/csv)
Reports & Analytics,Role dashboards,ATS,https://www.jobdiva.com/ats-software-for-staffing-agencies,False,IMPLEMENTATION_EVIDENCE_FOUND_FUNCTIONAL_PROOF_REQUIRED,deep_audit.py::dashboard | r14_acceptance.py::dashboard | r14_api.py::dashboard | server.py::dashboard | core_policies.py::role | deep_audit.py::role | full_live_acceptance.py::role | parity_api.py::role,(dashboard) AND (role)
Reports & Analytics,BI dashboard surface,ATS,https://www.jobdiva.com/ats-software-for-staffing-agencies,False,IMPLEMENTATION_EVIDENCE_FOUND_FUNCTIONAL_PROOF_REQUIRED,web/app.js::bi shared | web/r13.js::bi shared | web/r16.js::bi shared | web/r13.js::bishared | deep_audit.py::dashboard | r14_acceptance.py::dashboard | r14_api.py::dashboard | server.py::dashboard,(bi shared OR bishared OR bi) AND (dashboard OR analytics)
Reports & Analytics,Large report catalog capability,ATS,https://www.jobdiva.com/ats-software-for-staffing-agencies,False,IMPLEMENTATION_EVIDENCE_FOUND_FUNCTIONAL_PROOF_REQUIRED,server.py::report_definitions | deep_audit.py::report | full_live_acceptance.py::report | r14_acceptance.py::report | r14_api.py::report,(report_definitions) AND (report OR reports)
Communication,Internal communication logging,ENGAGEMENT,https://www.jobdiva.com/candidate-engagement,False,IMPLEMENTATION_EVIDENCE_FOUND_FUNCTIONAL_PROOF_REQUIRED,deep_audit.py::communications | r14_api.py::communications | r18_api.py::communications | r19_api.py::communications | deep_audit.py::internal | full_live_acceptance.py::internal | parity_api.py::internal | r14_acceptance.py::internal,(communications) AND (internal)
Communication,Email provider integration,INTEGRATIONS,https://www.jobdiva.com/recruiting-software-third-party-integrations,True,EXTERNAL_ADAPTER_EVIDENCE_FOUND_CREDENTIALS_REQUIRED,deep_audit.py::email | full_live_acceptance.py::email | parity_api.py::email | r14_acceptance.py::email | deep_audit.py::connector | full_live_acceptance.py::connector | r18_api.py::connector | r19_api.py::connector,(email) AND (connector OR gateway)
Communication,SMS provider integration,INTEGRATIONS,https://www.jobdiva.com/recruiting-software-third-party-integrations,True,EXTERNAL_ADAPTER_EVIDENCE_FOUND_CREDENTIALS_REQUIRED,deep_audit.py::sms | parity_api.py::sms | r14_api.py::sms | R16-PARITY-MANIFEST.json::sms | deep_audit.py::connector | full_live_acceptance.py::connector | r18_api.py::connector | r19_api.py::connector,(sms) AND (connector OR gateway)
Communication,Communication templates,FEATURE_INDEX,https://login.jobdiva.com/careers.jsp,False,IMPLEMENTATION_EVIDENCE_FOUND_FUNCTIONAL_PROOF_REQUIRED,parity_api.py::template | r14_api.py::template | server.py::template | web/app.js::template | deep_audit.py::communication | parity_api.py::communication | r14_api.py::communication | R16-PARITY-MANIFEST.json::communication,(template OR templates) AND (communication OR email OR sms)
Communication,Campaign management,ENGAGEMENT,https://www.jobdiva.com/candidate-engagement,False,IMPLEMENTATION_EVIDENCE_FOUND_FUNCTIONAL_PROOF_REQUIRED,r14_api.py::campaigns_r14 | r19_api.py::campaigns_r14 | r14_api.py::campaign_members | r19_api.py::campaign_members,(campaigns_r14) AND (campaign_members)
Communication,Campaign execution,ENGAGEMENT,https://www.jobdiva.com/candidate-engagement,False,IMPLEMENTATION_EVIDENCE_FOUND_FUNCTIONAL_PROOF_REQUIRED,r19_api.py::campaign_runs_r19,(campaign_runs_r19)
Communication,Workflow automation,ENGAGEMENT,https://www.jobdiva.com/candidate-engagement,False,IMPLEMENTATION_EVIDENCE_FOUND_FUNCTIONAL_PROOF_REQUIRED,deep_audit.py::automations | full_live_acceptance.py::automations | server.py::automations | web/app.js::automations | deep_audit.py::workflow | full_live_acceptance.py::workflow | r14_acceptance.py::workflow | r14_api.py::workflow,(automations) AND (workflow OR action)
Communication,Calendar functionality,FEATURE_INDEX,https://login.jobdiva.com/careers.jsp,False,IMPLEMENTATION_EVIDENCE_FOUND_FUNCTIONAL_PROOF_REQUIRED,R16-PARITY-MANIFEST.json::calendar | server.py::calendar | web/app.js::calendar | web/r13.js::calendar,(calendar)
Communication,Outlook synchronization,FEATURE_INDEX,https://login.jobdiva.com/careers.jsp,True,EXTERNAL_ADAPTER_MISSING_OR_UNPROVEN,,(outlook OR microsoft graph OR office365)
Communication,VOIP integration,INTEGRATIONS,https://www.jobdiva.com/recruiting-software-third-party-integrations,True,EXTERNAL_ADAPTER_EVIDENCE_FOUND_CREDENTIALS_REQUIRED,deep_audit.py::voip | r14_api.py::voip | R16-PARITY-MANIFEST.json::voip | web/app.js::voip,(voip OR phone connector)
Communication,Video/meeting provider integration,ZOOM,https://login.jobdiva.com/zoom/JobDiva-Zoom-Documentation.pdf,True,EXTERNAL_ADAPTER_EVIDENCE_FOUND_CREDENTIALS_REQUIRED,r19_api.py::create_meeting | r19_api.py::meeting | web/app.js::meeting | web/r13r7.js::meeting | deep_audit.py::connector | full_live_acceptance.py::connector | r18_api.py::connector | r19_api.py::connector,(create_meeting OR meeting) AND (connector OR provider)
Portals,Candidate portal,FEATURE_INDEX,https://login.jobdiva.com/careers.jsp,False,IMPLEMENTATION_EVIDENCE_FOUND_FUNCTIONAL_PROOF_REQUIRED,web/app.js::candidateportal | web/r13.js::candidateportal | web/r14.js::candidateportal | server.py::candidate_portal,(candidateportal OR candidate_portal)
Portals,Client / hiring manager portal,ATS,https://www.jobdiva.com/ats-software-for-staffing-agencies,False,IMPLEMENTATION_EVIDENCE_FOUND_FUNCTIONAL_PROOF_REQUIRED,web/app.js::clientportal | web/r13.js::clientportal | web/r14.js::clientportal | server.py::client_portal,(clientportal OR client_portal)
Portals,Supplier portal,FEATURE_INDEX,https://login.jobdiva.com/careers.jsp,False,IMPLEMENTATION_EVIDENCE_FOUND_FUNCTIONAL_PROOF_REQUIRED,web/app.js::supplierportal | web/r13.js::supplierportal | web/r14.js::supplierportal | server.py::supplier_portal,(supplierportal OR supplier_portal)
Portals,Worker portal,HOME,https://www.jobdiva.com/,False,IMPLEMENTATION_EVIDENCE_FOUND_FUNCTIONAL_PROOF_REQUIRED,web/app.js::workerportal | web/r13.js::workerportal | web/r14.js::workerportal | server.py::worker_portal,(workerportal OR worker_portal)
Portals,Approver portal,ATS,https://www.jobdiva.com/ats-software-for-staffing-agencies,False,IMPLEMENTATION_EVIDENCE_FOUND_FUNCTIONAL_PROOF_REQUIRED,web/app.js::approverportal | web/r13.js::approverportal | server.py::approver_portal,(approverportal OR approver_portal)
Portals,Candidate job search,FAQ,https://www.jobdiva.com/faq,False,IMPLEMENTATION_EVIDENCE_FOUND_FUNCTIONAL_PROOF_REQUIRED,web/app.js::candidateportal | web/r13.js::candidateportal | web/r14.js::candidateportal | server.py::candidate_portal | core_policies.py::jobs | deep_audit.py::jobs | full_live_acceptance.py::jobs | parity_api.py::jobs,(candidateportal OR candidate_portal) AND (jobs OR search)
Portals,Candidate sign-in,LOGIN,https://login.jobdiva.com/index.jsp,False,IMPLEMENTATION_EVIDENCE_FOUND_FUNCTIONAL_PROOF_REQUIRED,deep_audit.py::/api/login | full_live_acceptance.py::/api/login | r14_acceptance.py::/api/login | server.py::/api/login | core_policies.py::candidate | deep_audit.py::candidate | full_live_acceptance.py::candidate | parity_api.py::candidate,(/api/login) AND (candidate)
Portals,Candidate resume/document upload,FAQ,https://www.jobdiva.com/faq,False,IMPLEMENTATION_EVIDENCE_FOUND_FUNCTIONAL_PROOF_REQUIRED,core_policies.py::candidate_documents | r14_api.py::candidate_documents | server.py::candidate_documents | full_live_acceptance.py::content_base64 | parity_api.py::content_base64 | r14_api.py::content_base64 | server.py::content_base64,(candidate_documents) AND (content_base64 OR upload)
Portals,Candidate job alerts,FAQ,https://www.jobdiva.com/faq,False,IMPLEMENTATION_EVIDENCE_FOUND_FUNCTIONAL_PROOF_REQUIRED,r14_api.py::job_alerts | r19_api.py::job_alerts | r14_acceptance.py::job-alerts | r14_api.py::job-alerts,(job_alerts OR job-alerts)
Portals,Multilingual candidate experience,HOME,https://www.jobdiva.com/,False,IMPLEMENTATION_GAP_OR_UNPROVEN,,(i18n OR language selector OR multilingual)
Administration,Role-based access control,FEATURE_INDEX,https://login.jobdiva.com/careers.jsp,False,IMPLEMENTATION_EVIDENCE_FOUND_FUNCTIONAL_PROOF_REQUIRED,server.py::role_permissions,(role_permissions)
Administration,Tenant permission overrides,FEATURE_INDEX,https://login.jobdiva.com/careers.jsp,False,IMPLEMENTATION_EVIDENCE_FOUND_FUNCTIONAL_PROOF_REQUIRED,core_policies.py::permission_denied_by_override | server.py::permission_denied_by_override,(permission_denied_by_override)
Administration,Audit trail,FEATURE_INDEX,https://login.jobdiva.com/careers.jsp,False,IMPLEMENTATION_EVIDENCE_FOUND_FUNCTIONAL_PROOF_REQUIRED,parity_api.py::audit_log | r14_api.py::audit_log | r18_api.py::audit_log | server.py::audit_log,(audit_log)
Administration,Workflow audit history,FEATURE_INDEX,https://login.jobdiva.com/careers.jsp,False,IMPLEMENTATION_EVIDENCE_FOUND_FUNCTIONAL_PROOF_REQUIRED,r18_api.py::workflow_history | server.py::workflow_history,(workflow_history)
Administration,Custom fields configuration,FEATURE_INDEX,https://login.jobdiva.com/careers.jsp,False,IMPLEMENTATION_EVIDENCE_FOUND_FUNCTIONAL_PROOF_REQUIRED,server.py::custom_fields,(custom_fields)
Administration,Multi-tenant data model,LOGIN,https://login.jobdiva.com/index.jsp,False,IMPLEMENTATION_EVIDENCE_FOUND_FUNCTIONAL_PROOF_REQUIRED,core_policies.py::tenant_id | full_live_acceptance.py::tenant_id | parity_api.py::tenant_id | r14_api.py::tenant_id | full_live_acceptance.py::tenants | server.py::tenants,(tenant_id) AND (tenants)
Administration,Session management,LOGIN,https://login.jobdiva.com/index.jsp,False,IMPLEMENTATION_EVIDENCE_FOUND_FUNCTIONAL_PROOF_REQUIRED,r14_acceptance.py::sessions | r14_api.py::sessions | r15_migrations.py::sessions | server.py::sessions | persistence_authority.py::expires_at | r14_api.py::expires_at | r15_migrations.py::expires_at | server.py::expires_at,(sessions) AND (expires_at)
Administration,Password reset,LOGIN,https://login.jobdiva.com/index.jsp,False,IMPLEMENTATION_EVIDENCE_FOUND_FUNCTIONAL_PROOF_REQUIRED,r14_api.py::reset_token | r14_api.py::reset token,(password_reset OR reset_token OR reset token)
Administration,MFA / TOTP,LOGIN,https://login.jobdiva.com/index.jsp,False,IMPLEMENTATION_EVIDENCE_FOUND_FUNCTIONAL_PROOF_REQUIRED,r14_acceptance.py::mfa | r14_api.py::mfa | server.py::mfa | web/r14.js::mfa,(mfa OR totp)
Administration,SSO capability,LOGIN,https://login.jobdiva.com/index.jsp,True,EXTERNAL_ADAPTER_EVIDENCE_FOUND_CREDENTIALS_REQUIRED,deep_audit.py::sso | full_live_acceptance.py::sso | persistence_authority.py::sso | r14_acceptance.py::sso,(sso OR oauth OR saml)
Administration,Login lockout / brute-force controls,LOGIN,https://login.jobdiva.com/index.jsp,False,IMPLEMENTATION_EVIDENCE_FOUND_FUNCTIONAL_PROOF_REQUIRED,deep_audit.py::login | full_live_acceptance.py::login | r14_acceptance.py::login | r14_api.py::login | core_policies.py::lock | deep_audit.py::lock | persistence_authority.py::lock | r14_acceptance.py::lock,(login OR auth) AND (lock OR 429)
Administration,User invitations,LOGIN,https://login.jobdiva.com/index.jsp,False,IMPLEMENTATION_EVIDENCE_FOUND_FUNCTIONAL_PROOF_REQUIRED,r15_migrations.py::user_invitations | server.py::user_invitations,(user_invitations)
Integration Platform,Integration connector registry,INTEGRATIONS,https://www.jobdiva.com/recruiting-software-third-party-integrations,False,IMPLEMENTATION_EVIDENCE_FOUND_FUNCTIONAL_PROOF_REQUIRED,r18_api.py::integration_connectors | r19_api.py::integration_connectors | server.py::integration_connectors,(integration_connectors)
Integration Platform,External gateway registry,INTEGRATIONS,https://www.jobdiva.com/recruiting-software-third-party-integrations,False,IMPLEMENTATION_EVIDENCE_FOUND_FUNCTIONAL_PROOF_REQUIRED,r14_api.py::external_gateways | r19_api.py::external_gateways,(external_gateways)
Integration Platform,External HTTP execution,INTEGRATIONS,https://www.jobdiva.com/recruiting-software-third-party-integrations,False,IMPLEMENTATION_EVIDENCE_FOUND_FUNCTIONAL_PROOF_REQUIRED,deep_audit.py::urllib.request | full_live_acceptance.py::urllib.request | persistence_authority.py::urllib.request | r14_acceptance.py::urllib.request | deep_audit.py::external | full_live_acceptance.py::external | r14_acceptance.py::external | r14_api.py::external,(urllib.request) AND (external OR connector OR gateway)
Integration Platform,External transaction audit,INTEGRATIONS,https://www.jobdiva.com/recruiting-software-third-party-integrations,False,IMPLEMENTATION_EVIDENCE_FOUND_FUNCTIONAL_PROOF_REQUIRED,r19_api.py::external_transactions_r19,(external_transactions_r19)
Integration Platform,Background-check adapter,INTEGRATIONS,https://www.jobdiva.com/recruiting-software-third-party-integrations,True,EXTERNAL_ADAPTER_EVIDENCE_FOUND_CREDENTIALS_REQUIRED,deep_audit.py::background | full_live_acceptance.py::background | r14_acceptance.py::background | r14_api.py::background | r14_acceptance.py::gateway | r14_api.py::gateway | r19_api.py::gateway | web/r14.js::gateway,(background) AND (gateway OR connector)
Integration Platform,Job-board adapter,INTEGRATIONS,https://www.jobdiva.com/recruiting-software-third-party-integrations,True,EXTERNAL_ADAPTER_EVIDENCE_FOUND_CREDENTIALS_REQUIRED,r19_api.py::job-board | deep_audit.py::job board | r14_api.py::job board | R16-PARITY-MANIFEST.json::job board | r14_acceptance.py::gateway | r14_api.py::gateway | r19_api.py::gateway | web/r14.js::gateway,(job-board OR job board) AND (gateway OR connector OR distribution)
Integration Platform,Assessment-provider adapter,INTEGRATIONS,https://www.jobdiva.com/recruiting-software-third-party-integrations,True,EXTERNAL_ADAPTER_EVIDENCE_FOUND_CREDENTIALS_REQUIRED,deep_audit.py::assessment | full_live_acceptance.py::assessment | server.py::assessment | web/app.js::assessment | r14_acceptance.py::gateway | r14_api.py::gateway | r19_api.py::gateway | web/r14.js::gateway,(assessment) AND (gateway OR connector)
Integration Platform,Resume-screening adapter,INTEGRATIONS,https://www.jobdiva.com/recruiting-software-third-party-integrations,True,EXTERNAL_ADAPTER_EVIDENCE_FOUND_CREDENTIALS_REQUIRED,deep_audit.py::screening | r14_api.py::screening | R16-PARITY-MANIFEST.json::screening | server.py::screening | r14_acceptance.py::gateway | r14_api.py::gateway | r19_api.py::gateway | web/r14.js::gateway,(resume screening OR screening) AND (gateway OR connector)
Integration Platform,Candidate-enrichment adapter,INTEGRATIONS,https://www.jobdiva.com/recruiting-software-third-party-integrations,True,EXTERNAL_ADAPTER_MISSING_OR_UNPROVEN,r14_acceptance.py::gateway | r14_api.py::gateway | r19_api.py::gateway | web/r14.js::gateway,(enrichment) AND (gateway OR connector)
Integration Platform,Payroll adapter,INTEGRATIONS,https://www.jobdiva.com/recruiting-software-third-party-integrations,True,EXTERNAL_ADAPTER_EVIDENCE_FOUND_CREDENTIALS_REQUIRED,deep_audit.py::payroll | r14_acceptance.py::payroll | r14_api.py::payroll | R16-PARITY-MANIFEST.json::payroll | r14_acceptance.py::gateway | r14_api.py::gateway | r19_api.py::gateway | web/r14.js::gateway,(payroll) AND (gateway OR connector)
Integration Platform,GL adapter,INTEGRATIONS,https://www.jobdiva.com/recruiting-software-third-party-integrations,True,EXTERNAL_ADAPTER_EVIDENCE_FOUND_CREDENTIALS_REQUIRED,r14_api.py::general ledger | r19_api.py::gl_ | r14_acceptance.py::gateway | r14_api.py::gateway | r19_api.py::gateway | web/r14.js::gateway,(general ledger OR gl connector OR gl_) AND (gateway OR connector)
Integration Platform,VMS adapter,INTEGRATIONS,https://www.jobdiva.com/recruiting-software-third-party-integrations,True,EXTERNAL_ADAPTER_EVIDENCE_FOUND_CREDENTIALS_REQUIRED,deep_audit.py::vms | full_live_acceptance.py::vms | r14_api.py::vms | R16-PARITY-MANIFEST.json::vms | r14_acceptance.py::gateway | r14_api.py::gateway | r19_api.py::gateway | web/r14.js::gateway,(vms) AND (gateway OR connector)
Integration Platform,Meeting adapter,ZOOM,https://login.jobdiva.com/zoom/JobDiva-Zoom-Documentation.pdf,True,EXTERNAL_ADAPTER_EVIDENCE_FOUND_CREDENTIALS_REQUIRED,r19_api.py::meeting | web/app.js::meeting | web/r13r7.js::meeting | web/r16.js::meeting | r14_acceptance.py::gateway | r14_api.py::gateway | r19_api.py::gateway | web/r14.js::gateway,(meeting) AND (gateway OR connector OR provider)
Mobile,Installable PWA / mobile web capability,HOME,https://www.jobdiva.com/,False,IMPLEMENTATION_EVIDENCE_FOUND_FUNCTIONAL_PROOF_REQUIRED,vercel.json::manifest.webmanifest | web/index.html::manifest.webmanifest | web/sw.js::manifest.webmanifest,(manifest.webmanifest)
Mobile,Mobile worker time/expense capability,HOME,https://www.jobdiva.com/,False,IMPLEMENTATION_EVIDENCE_FOUND_FUNCTIONAL_PROOF_REQUIRED,web/app.js::workerportal | web/r13.js::workerportal | web/r14.js::workerportal | server.py::worker_portal | core_policies.py::timesheets | deep_audit.py::timesheets | full_live_acceptance.py::timesheets | parity_api.py::timesheets | core_policies.py::expenses | deep_audit.py::expenses | full_live_acceptance.py::expenses | parity_api.py::expenses,(workerportal OR worker_portal) AND (timesheets) AND (expenses)
Mobile,White-label application capability,HOME,https://www.jobdiva.com/,False,IMPLEMENTATION_GAP_OR_UNPROVEN,,(white-label OR white label OR branding)
